Sentença	Id	Index	Granularidade	Documento
A produção industrial brasileira cresceu 1,5% no primeiro trimestre de 2026, impulsionada pelo setor automotivo e de máquinas pesadas.	1	0	0	A produção industrial brasileira cresceu 1,5 % no primeiro trimestre de 2026 , impulsionada pelo setor automotivo e de máquinas pesadas . O resultado superou as expectativas dos analistas de mercado .
O resultado superou as expectativas dos analistas de mercado.	1	1	0	A produção industrial brasileira cresceu 1,5 % no primeiro trimestre de 2026 , impulsionada pelo setor automotivo e de máquinas pesadas . O resultado superou as expectativas dos analistas de mercado .
0	1	-1	1	A produção industrial brasileira cresceu 1,5 % no primeiro trimestre de 2026 , impulsionada pelo setor automotivo e de máquinas pesadas . O resultado superou as expectativas dos analistas de mercado .
A nova fábrica de semicondutores instalada no polo tecnológico de Campinas anunciou um investimento de 500 milhões de reais para expandir sua linha de montagem e atender a demanda de chips automotivos.	2	0	0	A nova fábrica de semicondutores instalada no polo tecnológico de Campinas anunciou um investimento de 500 milhões de reais para expandir sua linha de montagem e atender a demanda de chips automotivos .
1	2	-1	1	A nova fábrica de semicondutores instalada no polo tecnológico de Campinas anunciou um investimento de 500 milhões de reais para expandir sua linha de montagem e atender a demanda de chips automotivos .
A exportação de aço nacional registreu recorde no mês passado, com forte demanda vinda de parceiros comerciais na Europa e na Ásia.	3	0	0	A exportação de aço nacional registreu recorde no mês passado , com forte demanda vinda de parceiros comerciais na Europa e na Ásia . O setor siderúrgico projeta novos investimentos em modernização .
O setor siderúrgico projeta novos investimentos em modernização.	3	1	0	A exportação de aço nacional registreu recorde no mês passado , com forte demanda vinda de parceiros comerciais na Europa e na Ásia . O setor siderúrgico projeta novos investimentos em modernização .
2	3	-1	1	A exportação de aço nacional registreu recorde no mês passado , com forte demanda vinda de parceiros comerciais na Europa e na Ásia . O setor siderúrgico projeta novos investimentos em modernização .
A indústria têxtil nacional investiu em automação industrial para reduzir custos operacionais e competir com os produtos importados.	4	0	0	A indústria têxtil nacional investiu em automação industrial para reduzir custos operacionais e competir com os produtos importados . Novas máquinas de fiação digital foram adquiridas pelas principais empresas do setor .
Novas máquinas de fiação digital foram adquiridas pelas principais empresas do setor.	4	1	0	A indústria têxtil nacional investiu em automação industrial para reduzir custos operacionais e competir com os produtos importados . Novas máquinas de fiação digital foram adquiridas pelas principais empresas do setor .
3	4	-1	1	A indústria têxtil nacional investiu em automação industrial para reduzir custos operacionais e competir com os produtos importados . Novas máquinas de fiação digital foram adquiridas pelas principais empresas do setor .
O governo federal anunciou uma nova linha de crédito subsidiado para a digitalização de pequenas e médias indústrias.	5	0	0	O governo federal anunciou uma nova linha de crédito subsidiado para a digitalização de pequenas e médias indústrias . O programa visa aumentar a produtividade fabril por meio da adoção de tecnologias da Indústria 4.0 .
O programa visa aumentar a produtividade fabril por meio da adoção de tecnologias da Indústria 4.0.	5	1	0	O governo federal anunciou uma nova linha de crédito subsidiado para a digitalização de pequenas e médias indústrias . O programa visa aumentar a produtividade fabril por meio da adoção de tecnologias da Indústria 4.0 .
4	5	-1	1	O governo federal anunciou uma nova linha de crédito subsidiado para a digitalização de pequenas e médias indústrias . O programa visa aumentar a produtividade fabril por meio da adoção de tecnologias da Indústria 4.0 .
A produção de veículos elétricos no país ganhou um novo incentivo fiscal com a redução do IPI para montadoras que utilizarem componentes fabricados localmente.	6	0	0	A produção de veículos elétricos no país ganhou um novo incentivo fiscal com a redução do IPI para montadoras que utilizarem componentes fabricados localmente . A medida visa fortalecer a cadeia de suprimentos nacional .
A medida visa fortalecer a cadeia de suprimentos nacional.	6	1	0	A produção de veículos elétricos no país ganhou um novo incentivo fiscal com a redução do IPI para montadoras que utilizarem componentes fabricados localmente . A medida visa fortalecer a cadeia de suprimentos nacional .
5	6	-1	1	A produção de veículos elétricos no país ganhou um novo incentivo fiscal com a redução do IPI para montadoras que utilizarem componentes fabricados localmente . A medida visa fortalecer a cadeia de suprimentos nacional .
A indústria química registrou uma queda de 2% no faturamento devido ao aumento dos custos das matérias-primas importadas.	7	0	0	A indústria química registrou uma queda de 2 % no faturamento devido ao aumento dos custos das matérias-primas importadas . O setor busca alternativas locais para o fornecimento de insumos básicos .
O setor busca alternativas locais para o fornecimento de insumos básicos.	7	1	0	A indústria química registrou uma queda de 2 % no faturamento devido ao aumento dos custos das matérias-primas importadas . O setor busca alternativas locais para o fornecimento de insumos básicos .
6	7	-1	1	A indústria química registrou uma queda de 2 % no faturamento devido ao aumento dos custos das matérias-primas importadas . O setor busca alternativas locais para o fornecimento de insumos básicos .
Uma multinacional de máquinas agrícolas inaugurou uma nova ala de montagem no Rio Grande do Sul.	8	0	0	Uma multinacional de máquinas agrícolas inaugurou uma nova ala de montagem no Rio Grande do Sul . O projeto gerou trezentos novos empregos diretos e pretende abastecer o mercado da América Latina .
O projeto gerou trezentos novos empregos diretos e pretende abastecer o mercado da América Latina.	8	1	0	Uma multinacional de máquinas agrícolas inaugurou uma nova ala de montagem no Rio Grande do Sul . O projeto gerou trezentos novos empregos diretos e pretende abastecer o mercado da América Latina .
7	8	-1	1	Uma multinacional de máquinas agrícolas inaugurou uma nova ala de montagem no Rio Grande do Sul . O projeto gerou trezentos novos empregos diretos e pretende abastecer o mercado da América Latina .
O consumo de energia elétrica na indústria cresceu pelo quarto mês consecutivo, sinalizando uma retomada firme das atividades fabris após o período de manutenção programada das grandes usinas.	9	0	0	O consumo de energia elétrica na indústria cresceu pelo quarto mês consecutivo , sinalizando uma retomada firme das atividades fabris após o período de manutenção programada das grandes usinas .
8	9	-1	1	O consumo de energia elétrica na indústria cresceu pelo quarto mês consecutivo , sinalizando uma retomada firme das atividades fabris após o período de manutenção programada das grandes usinas .
Consórcios de empresas privadas fecharam parcerias com universidades para criar centros de pesquisa voltados para a descarbonização industrial.	10	0	0	Consórcios de empresas privadas fecharam parcerias com universidades para criar centros de pesquisa voltados para a descarbonização industrial . O foco inicial será a substituição de combustíveis fósseis por hidrogênio verde .
O foco inicial será a substituição de combustíveis fósseis por hidrogênio verde.	10	1	0	Consórcios de empresas privadas fecharam parcerias com universidades para criar centros de pesquisa voltados para a descarbonização industrial . O foco inicial será a substituição de combustíveis fósseis por hidrogênio verde .
9	10	-1	1	Consórcios de empresas privadas fecharam parcerias com universidades para criar centros de pesquisa voltados para a descarbonização industrial . O foco inicial será a substituição de combustíveis fósseis por hidrogênio verde .
A produção industrial de calçados projeta um crescimento de 5% para as vendas de fim de ano.	11	0	0	A produção industrial de calçados projeta um crescimento de 5 % para as vendas de fim de ano . O aumento da eficiência produtiva e o design inovador ajudaram a conquistar novos mercados no exterior .
O aumento da eficiência produtiva e o design inovador ajudaram a conquistar novos mercados no exterior.	11	1	0	A produção industrial de calçados projeta um crescimento de 5 % para as vendas de fim de ano . O aumento da eficiência produtiva e o design inovador ajudaram a conquistar novos mercados no exterior .
10	11	-1	1	A produção industrial de calçados projeta um crescimento de 5 % para as vendas de fim de ano . O aumento da eficiência produtiva e o design inovador ajudaram a conquistar novos mercados no exterior .
A escassez de mão de obra qualificada em mecatrônica e automação tem preocupado os diretores de indústrias metalúrgicas.	12	0	0	A escassez de mão de obra qualificada em mecatrônica e automação tem preocupado os diretores de indústrias metalúrgicas . Empresas estão criando programas internos de treinamento para suprir a demanda .
Empresas estão criando programas internos de treinamento para suprir a demanda.	12	1	0	A escassez de mão de obra qualificada em mecatrônica e automação tem preocupado os diretores de indústrias metalúrgicas . Empresas estão criando programas internos de treinamento para suprir a demanda .
11	12	-1	1	A escassez de mão de obra qualificada em mecatrônica e automação tem preocupado os diretores de indústrias metalúrgicas . Empresas estão criando programas internos de treinamento para suprir a demanda .
O setor de celulose e papel anunciou a expansão de uma de suas maiores plantas industriais na região Centro-Oeste.	13	0	0	O setor de celulose e papel anunciou a expansão de uma de suas maiores plantas industriais na região Centro-Oeste . O investimento bilionário deve aumentar a capacidade de exportação do país .
O investimento bilionário deve aumentar a capacidade de exportação do país.	13	1	0	O setor de celulose e papel anunciou a expansão de uma de suas maiores plantas industriais na região Centro-Oeste . O investimento bilionário deve aumentar a capacidade de exportação do país .
12	13	-1	1	O setor de celulose e papel anunciou a expansão de uma de suas maiores plantas industriais na região Centro-Oeste . O investimento bilionário deve aumentar a capacidade de exportação do país .
Refinarias nacionais iniciaram testes para a produção em larga escala de biocombustíveis voltados para a aviação.	14	0	0	Refinarias nacionais iniciaram testes para a produção em larga escala de biocombustíveis voltados para a aviação . A transição energética abre um novo nicho de mercado para o parque industrial brasileiro .
A transição energética abre um novo nicho de mercado para o parque industrial brasileiro.	14	1	0	Refinarias nacionais iniciaram testes para a produção em larga escala de biocombustíveis voltados para a aviação . A transição energética abre um novo nicho de mercado para o parque industrial brasileiro .
13	14	-1	1	Refinarias nacionais iniciaram testes para a produção em larga escala de biocombustíveis voltados para a aviação . A transição energética abre um novo nicho de mercado para o parque industrial brasileiro .
A indústria de alimentos e bebidas registrou alta na produção de itens embalados.	15	0	0	A indústria de alimentos e bebidas registrou alta na produção de itens embalados . A modernização das linhas de empacotamento automático permitiu acelerar o ritmo de entrega para os supermercados .
A modernização das linhas de empacotamento automático permitiu acelerar o ritmo de entrega para os supermercados.	15	1	0	A indústria de alimentos e bebidas registrou alta na produção de itens embalados . A modernização das linhas de empacotamento automático permitiu acelerar o ritmo de entrega para os supermercados .
14	15	-1	1	A indústria de alimentos e bebidas registrou alta na produção de itens embalados . A modernização das linhas de empacotamento automático permitiu acelerar o ritmo de entrega para os supermercados .
A zona franca de Manaus apresentou um aumento na montagem de eletrodomésticos e componentes eletrônicos.	16	0	0	A zona franca de Manaus apresentou um aumento na montagem de eletrodomésticos e componentes eletrônicos . Isenções tarifárias recentes ajudaram a atrair novos fabricantes internacionais para a região .
Isenções tarifárias recentes ajudaram a atrair novos fabricantes internacionais para a região.	16	1	0	A zona franca de Manaus apresentou um aumento na montagem de eletrodomésticos e componentes eletrônicos . Isenções tarifárias recentes ajudaram a atrair novos fabricantes internacionais para a região .
15	16	-1	1	A zona franca de Manaus apresentou um aumento na montagem de eletrodomésticos e componentes eletrônicos . Isenções tarifárias recentes ajudaram a atrair novos fabricantes internacionais para a região .
O preço do minério de ferro no mercado internacional estabilizou, trazendo alívio financeiro para as grandes indústrias extrativistas e siderúrgicas que operam no território nacional.	17	0	0	O preço do minério de ferro no mercado internacional estabilizou , trazendo alívio financeiro para as grandes indústrias extrativistas e siderúrgicas que operam no território nacional .
16	17	-1	1	O preço do minério de ferro no mercado internacional estabilizou , trazendo alívio financeiro para as grandes indústrias extrativistas e siderúrgicas que operam no território nacional .
Empresas do setor de fundição estão adotando sistemas de inteligência artificial para prever falhas em maquinários e otimizar o uso de energia nos fornos de alta temperatura.	18	0	0	Empresas do setor de fundição estão adotando sistemas de inteligência artificial para prever falhas em maquinários e otimizar o uso de energia nos fornos de alta temperatura .
17	18	-1	1	Empresas do setor de fundição estão adotando sistemas de inteligência artificial para prever falhas em maquinários e otimizar o uso de energia nos fornos de alta temperatura .
A produção de cimento e materiais de construção civil apresentou retração devido à desaceleração de grandes obras de infraestrutura.	19	0	0	A produção de cimento e materiais de construção civil apresentou retração devido à desaceleração de grandes obras de infraestrutura . O setor aguarda o lançamento de novos editais públicos .
O setor aguarda o lançamento de novos editais públicos.	19	1	0	A produção de cimento e materiais de construção civil apresentou retração devido à desaceleração de grandes obras de infraestrutura . O setor aguarda o lançamento de novos editais públicos .
18	19	-1	1	A produção de cimento e materiais de construção civil apresentou retração devido à desaceleração de grandes obras de infraestrutura . O setor aguarda o lançamento de novos editais públicos .
A indústria farmacêutica nacional expandiu seus laboratórios de biotecnologia para a produção local de insumos farmacêuticos ativos.	20	0	0	A indústria farmacêutica nacional expandiu seus laboratórios de biotecnologia para a produção local de insumos farmacêuticos ativos . A iniciativa reduz a dependência de importações da Índia e da China .
A iniciativa reduz a dependência de importações da Índia e da China.	20	1	0	A indústria farmacêutica nacional expandiu seus laboratórios de biotecnologia para a produção local de insumos farmacêuticos ativos . A iniciativa reduz a dependência de importações da Índia e da China .
19	20	-1	1	A indústria farmacêutica nacional expandiu seus laboratórios de biotecnologia para a produção local de insumos farmacêuticos ativos . A iniciativa reduz a dependência de importações da Índia e da China .
A produção metalmecânica apresentou forte recuperação no Sul do país, impulsionada pelas encomendas de estruturas metálicas para usinas de energia eólica e solar.	21	0	0	A produção metalmecânica apresentou forte recuperação no Sul do país , impulsionada pelas encomendas de estruturas metálicas para usinas de energia eólica e solar .
20	21	-1	1	A produção metalmecânica apresentou forte recuperação no Sul do país , impulsionada pelas encomendas de estruturas metálicas para usinas de energia eólica e solar .
Pequenas fábricas de móveis estão se unindo em cooperativas regionais para comprar matéria-prima em larga escala.	22	0	0	Pequenas fábricas de móveis estão se unindo em cooperativas regionais para comprar matéria-prima em larga escala . A estratégia visa reduzir custos e manter a competitividade diante das grandes marcas .
A estratégia visa reduzir custos e manter a competitividade diante das grandes marcas.	22	1	0	Pequenas fábricas de móveis estão se unindo em cooperativas regionais para comprar matéria-prima em larga escala . A estratégia visa reduzir custos e manter a competitividade diante das grandes marcas .
21	22	-1	1	Pequenas fábricas de móveis estão se unindo em cooperativas regionais para comprar matéria-prima em larga escala . A estratégia visa reduzir custos e manter a competitividade diante das grandes marcas .
O polo petroquímico da Bahia recebeu investimentos para modernização de suas instalações de segurança e controle ambiental.	23	0	0	O polo petroquímico da Bahia recebeu investimentos para modernização de suas instalações de segurança e controle ambiental . O objetivo é alinhar a produção local aos padrões globais de sustentabilidade .
O objetivo é alinhar a produção local aos padrões globais de sustentabilidade.	23	1	0	O polo petroquímico da Bahia recebeu investimentos para modernização de suas instalações de segurança e controle ambiental . O objetivo é alinhar a produção local aos padrões globais de sustentabilidade .
22	23	-1	1	O polo petroquímico da Bahia recebeu investimentos para modernização de suas instalações de segurança e controle ambiental . O objetivo é alinhar a produção local aos padrões globais de sustentabilidade .
A indústria aeroespacial brasileira firmou um contrato de fornecimento de aeroestruturas para jatos comerciais executivos na Europa.	24	0	0	A indústria aeroespacial brasileira firmou um contrato de fornecimento de aeroestruturas para jatos comerciais executivos na Europa . O acordo consolida a engenharia nacional no cenário global .
O acordo consolida a engenharia nacional no cenário global.	24	1	0	A indústria aeroespacial brasileira firmou um contrato de fornecimento de aeroestruturas para jatos comerciais executivos na Europa . O acordo consolida a engenharia nacional no cenário global .
23	24	-1	1	A indústria aeroespacial brasileira firmou um contrato de fornecimento de aeroestruturas para jatos comerciais executivos na Europa . O acordo consolida a engenharia nacional no cenário global .
Fábricas de embalagens plásticas estão acelerando a transição para polímeros biodegradáveis devido às novas exigências do mercado e regulamentações ambientais mais rígidas.	25	0	0	Fábricas de embalagens plásticas estão acelerando a transição para polímeros biodegradáveis devido às novas exigências do mercado e regulamentações ambientais mais rígidas .
24	25	-1	1	Fábricas de embalagens plásticas estão acelerando a transição para polímeros biodegradáveis devido às novas exigências do mercado e regulamentações ambientais mais rígidas .
O índice de confiança do empresário industrial atingiu o maior patamar dos últimos meses.	26	0	0	O índice de confiança do empresário industrial atingiu o maior patamar dos últimos meses . A estabilização da inflação e a queda nos juros foram determinantes para a melhora do humor do setor .
A estabilização da inflação e a queda nos juros foram determinantes para a melhora do humor do setor.	26	1	0	O índice de confiança do empresário industrial atingiu o maior patamar dos últimos meses . A estabilização da inflação e a queda nos juros foram determinantes para a melhora do humor do setor .
25	26	-1	1	O índice de confiança do empresário industrial atingiu o maior patamar dos últimos meses . A estabilização da inflação e a queda nos juros foram determinantes para a melhora do humor do setor .
A produção de pneus e borrachas registrou estabilidade no balanço anual.	27	0	0	A produção de pneus e borrachas registrou estabilidade no balanço anual . A cadeia de suprimentos enfrentou desafios logísticos no transporte marítimo de insumos fundamentais .
A cadeia de suprimentos enfrentou desafios logísticos no transporte marítimo de insumos fundamentais.	27	1	0	A produção de pneus e borrachas registrou estabilidade no balanço anual . A cadeia de suprimentos enfrentou desafios logísticos no transporte marítimo de insumos fundamentais .
26	27	-1	1	A produção de pneus e borrachas registrou estabilidade no balanço anual . A cadeia de suprimentos enfrentou desafios logísticos no transporte marítimo de insumos fundamentais .
Uma nova fundição de alumínio focada na reciclagem de materiais descartados começou a operar em Minas Gerais.	28	0	0	Uma nova fundição de alumínio focada na reciclagem de materiais descartados começou a operar em Minas Gerais . O projeto atende à crescente demanda por alumínio verde na indústria automobilística .
O projeto atende à crescente demanda por alumínio verde na indústria automobilística.	28	1	0	Uma nova fundição de alumínio focada na reciclagem de materiais descartados começou a operar em Minas Gerais . O projeto atende à crescente demanda por alumínio verde na indústria automobilística .
27	28	-1	1	Uma nova fundição de alumínio focada na reciclagem de materiais descartados começou a operar em Minas Gerais . O projeto atende à crescente demanda por alumínio verde na indústria automobilística .
O setor industrial de tintas e vernizes renovou suas linhas de produtos com foco em soluções imobiliárias de secagem rápida.	29	0	0	O setor industrial de tintas e vernizes renovou suas linhas de produtos com foco em soluções imobiliárias de secagem rápida . A inovação tecnológica permitiu ampliar a margem de lucro das empresas .
A inovação tecnológica permitiu ampliar a margem de lucro das empresas.	29	1	0	O setor industrial de tintas e vernizes renovou suas linhas de produtos com foco em soluções imobiliárias de secagem rápida . A inovação tecnológica permitiu ampliar a margem de lucro das empresas .
28	29	-1	1	O setor industrial de tintas e vernizes renovou suas linhas de produtos com foco em soluções imobiliárias de secagem rápida . A inovação tecnológica permitiu ampliar a margem de lucro das empresas .
A transformação digital nas linhas de montagem reduziu o tempo de fabricação de maquinário pesado em cerca de vinte por cento, melhorando a eficiência e a competitividade do parque fabril.	30	0	0	A transformação digital nas linhas de montagem reduziu o tempo de fabricação de maquinário pesado em cerca de vinte por cento , melhorando a eficiência e a competitividade do parque fabril .
29	30	-1	1	A transformação digital nas linhas de montagem reduziu o tempo de fabricação de maquinário pesado em cerca de vinte por cento , melhorando a eficiência e a competitividade do parque fabril .
