id;pos_documento
1;[[['A', 'produção', 'industrial', 'brasileira', 'cresceu', '1,5', '%', 'no', 'primeiro', 'trimestre', 'de', '2026', ',', 'impulsionada', 'pelo', 'setor', 'automotivo', 'e', 'de', 'máquinas', 'pesadas', '.'], ['DET', 'NOUN', 'ADJ', 'ADJ', 'VERB', 'NUM', 'SYM', 'ADP', 'ADJ', 'NOUN', 'ADP', 'NUM', 'PUNCT', 'VERB', 'ADP', 'NOUN', 'ADJ', 'CCONJ', 'ADP', 'NOUN', 'VERB', 'PUNCT'], ['cresceu', 'impulsionada', 'pesadas'], ['o', 'produção', 'industrial', 'brasileira', 'crescer', '1,5', '%', 'em o', 'primeiro', 'trimestre', 'de', '2026', ',', 'impulsionar', 'por o', 'setor', 'automotivo', 'e', 'de', 'máquina', 'pesar', '.']], [['O', 'resultado', 'superou', 'as', 'expectativas', 'dos', 'analistas', 'de', 'mercado', '.'], ['DET', 'NOUN', 'VERB', 'DET', 'NOUN', 'ADP', 'NOUN', 'ADP', 'NOUN', 'PUNCT'], ['superou'], ['o', 'resultado', 'superar', 'o', 'expectativa', 'de o', 'analista', 'de', 'mercado', '.']]]
2;[[['A', 'nova', 'fábrica', 'de', 'semicondutores', 'instalada', 'no', 'polo', 'tecnológico', 'de', 'Campinas', 'anunciou', 'um', 'investimento', 'de', '500', 'milhões', 'de', 'reais', 'para', 'expandir', 'sua', 'linha', 'de', 'montagem', 'e', 'atender', 'a', 'demanda', 'de', 'chips', 'automotivos', '.'], ['DET', 'ADJ', 'NOUN', 'ADP', 'NOUN', 'VERB', 'ADP', 'NOUN', 'ADJ', 'ADP', 'PROPN', 'VERB', 'DET', 'NOUN', 'ADP', 'NUM', 'NUM', 'ADP', 'NOUN', 'SCONJ', 'VERB', 'DET', 'NOUN', 'ADP', 'NOUN', 'CCONJ', 'VERB', 'DET', 'NOUN', 'ADP', 'NOUN', 'ADJ', 'PUNCT'], ['instalada', 'anunciou', 'expandir', 'atender'], ['o', 'novo', 'fábrica', 'de', 'semicondutor', 'instalar', 'em o', 'polo', 'tecnológico', 'de', 'Campinas', 'anunciar', 'um', 'investimento', 'de', '500', 'milhão', 'de', 'real', 'para', 'expandir', 'seu', 'linha', 'de', 'montagem', 'e', 'atender', 'o', 'demanda', 'de', 'chip', 'automotivo', '.']]]
3;[[['A', 'exportação', 'de', 'aço', 'nacional', 'registreu', 'recorde', 'no', 'mês', 'passado', ',', 'com', 'forte', 'demanda', 'vinda', 'de', 'parceiros', 'comerciais', 'na', 'Europa', 'e', 'na', 'Ásia', '.'], ['DET', 'NOUN', 'ADP', 'NOUN', 'ADJ', 'VERB', 'NOUN', 'ADP', 'NOUN', 'ADJ', 'PUNCT', 'ADP', 'ADJ', 'NOUN', 'ADJ', 'ADP', 'NOUN', 'ADJ', 'ADP', 'PROPN', 'CCONJ', 'ADP', 'PROPN', 'PUNCT'], ['registreu'], ['o', 'exportação', 'de', 'aço', 'nacional', 'registrer', 'recorde', 'em o', 'mês', 'passado', ',', 'com', 'forte', 'demanda', 'vindo', 'de', 'parceiro', 'comercial', 'em o', 'Europa', 'e', 'em o', 'Ásia', '.']], [['O', 'setor', 'siderúrgico', 'projeta', 'novos', 'investimentos', 'em', 'modernização', '.'], ['DET', 'NOUN', 'ADJ', 'VERB', 'ADJ', 'NOUN', 'ADP', 'NOUN', 'PUNCT'], ['projeta'], ['o', 'setor', 'siderúrgico', 'projetar', 'novo', 'investimento', 'em', 'modernização', '.']]]
4;[[['A', 'indústria', 'têxtil', 'nacional', 'investiu', 'em', 'automação', 'industrial', 'para', 'reduzir', 'custos', 'operacionais', 'e', 'competir', 'com', 'os', 'produtos', 'importados', '.'], ['DET', 'NOUN', 'ADJ', 'ADJ', 'VERB', 'ADP', 'NOUN', 'ADJ', 'SCONJ', 'VERB', 'NOUN', 'ADJ', 'CCONJ', 'VERB', 'ADP', 'DET', 'NOUN', 'VERB', 'PUNCT'], ['investiu', 'reduzir', 'competir', 'importados'], ['o', 'indústria', 'têxtil', 'nacional', 'investir', 'em', 'automação', 'industrial', 'para', 'reduzir', 'custo', 'operacional', 'e', 'competir', 'com', 'o', 'produto', 'importar', '.']], [['Novas', 'máquinas', 'de', 'fiação', 'digital', 'foram', 'adquiridas', 'pelas', 'principais', 'empresas', 'do', 'setor', '.'], ['ADJ', 'NOUN', 'ADP', 'NOUN', 'ADJ', 'AUX', 'VERB', 'ADP', 'ADJ', 'NOUN', 'ADP', 'NOUN', 'PUNCT'], ['foram adquiridas'], ['Novas', 'máquina', 'de', 'fiação', 'digital', 'ser', 'adquirer', 'por o', 'principal', 'empresa', 'de o', 'setor', '.']]]
5;[[['O', 'governo', 'federal', 'anunciou', 'uma', 'nova', 'linha', 'de', 'crédito', 'subsidiado', 'para', 'a', 'digitalização', 'de', 'pequenas', 'e', 'médias', 'indústrias', '.'], ['DET', 'NOUN', 'ADJ', 'VERB', 'DET', 'ADJ', 'NOUN', 'ADP', 'NOUN', 'VERB', 'ADP', 'DET', 'NOUN', 'ADP', 'ADJ', 'CCONJ', 'ADJ', 'NOUN', 'PUNCT'], ['anunciou', 'subsidiado'], ['o', 'governo', 'federal', 'anunciar', 'um', 'novo', 'linha', 'de', 'crédito', 'subsidiar', 'para', 'o', 'digitalização', 'de', 'pequeno', 'e', 'médio', 'indústria', '.']], [['O', 'programa', 'visa', 'aumentar', 'a', 'produtividade', 'fabril', 'por', 'meio', 'da', 'adoção', 'de', 'tecnologias', 'da', 'Indústria', '4.0', '.'], ['DET', 'NOUN', 'VERB', 'VERB', 'DET', 'NOUN', 'ADJ', 'ADP', 'NOUN', 'ADP', 'NOUN', 'ADP', 'NOUN', 'ADP', 'PROPN', 'PROPN', 'PUNCT'], ['visa aumentar'], ['o', 'programa', 'visar', 'aumentar', 'o', 'produtividade', 'fabril', 'por', 'meio', 'de o', 'adoção', 'de', 'tecnologia', 'de o', 'Indústria', '4.0', '.']]]
6;[[['A', 'produção', 'de', 'veículos', 'elétricos', 'no', 'país', 'ganhou', 'um', 'novo', 'incentivo', 'fiscal', 'com', 'a', 'redução', 'do', 'IPI', 'para', 'montadoras', 'que', 'utilizarem', 'componentes', 'fabricados', 'localmente', '.'], ['DET', 'NOUN', 'ADP', 'NOUN', 'ADJ', 'ADP', 'NOUN', 'VERB', 'DET', 'ADJ', 'NOUN', 'ADJ', 'ADP', 'DET', 'NOUN', 'ADP', 'PROPN', 'ADP', 'NOUN', 'PRON', 'VERB', 'NOUN', 'VERB', 'ADV', 'PUNCT'], ['ganhou', 'utilizarem', 'fabricados'], ['o', 'produção', 'de', 'veículo', 'elétrico', 'em o', 'país', 'ganhar', 'um', 'novo', 'incentivo', 'fiscal', 'com', 'o', 'redução', 'de o', 'IPI', 'para', 'montadora', 'que', 'utilizar', 'componente', 'fabricar', 'localmente', '.']], [['A', 'medida', 'visa', 'fortalecer', 'a', 'cadeia', 'de', 'suprimentos', 'nacional', '.'], ['DET', 'NOUN', 'VERB', 'VERB', 'DET', 'NOUN', 'ADP', 'NOUN', 'ADJ', 'PUNCT'], ['visa fortalecer'], ['o', 'medida', 'visar', 'fortalecer', 'o', 'cadeia', 'de', 'suprimento', 'nacional', '.']]]
7;[[['A', 'indústria', 'química', 'registrou', 'uma', 'queda', 'de', '2', '%', 'no', 'faturamento', 'devido', 'ao', 'aumento', 'dos', 'custos', 'das', 'matérias-primas', 'importadas', '.'], ['DET', 'NOUN', 'ADJ', 'VERB', 'DET', 'NOUN', 'ADP', 'NUM', 'SYM', 'ADP', 'NOUN', 'ADV', 'ADP', 'NOUN', 'ADP', 'NOUN', 'ADP', 'NOUN', 'VERB', 'PUNCT'], ['registrou', 'importadas'], ['o', 'indústria', 'química', 'registrar', 'um', 'queda', 'de', '2', '%', 'em o', 'faturamento', 'devido', 'a o', 'aumento', 'de o', 'custo', 'de o', 'matérias-prima', 'importar', '.']], [['O', 'setor', 'busca', 'alternativas', 'locais', 'para', 'o', 'fornecimento', 'de', 'insumos', 'básicos', '.'], ['DET', 'NOUN', 'VERB', 'NOUN', 'ADJ', 'ADP', 'DET', 'NOUN', 'ADP', 'NOUN', 'ADJ', 'PUNCT'], ['busca'], ['o', 'setor', 'buscar', 'alternativa', 'local', 'para', 'o', 'fornecimento', 'de', 'insumo', 'básico', '.']]]
8;[[['Uma', 'multinacional', 'de', 'máquinas', 'agrícolas', 'inaugurou', 'uma', 'nova', 'ala', 'de', 'montagem', 'no', 'Rio', 'Grande', 'do', 'Sul', '.'], ['DET', 'NOUN', 'ADP', 'NOUN', 'ADJ', 'VERB', 'DET', 'ADJ', 'NOUN', 'ADP', 'NOUN', 'ADP', 'PROPN', 'PROPN', 'ADP', 'PROPN', 'PUNCT'], ['inaugurou'], ['um', 'multinacional', 'de', 'máquina', 'agrícola', 'inaugurar', 'um', 'novo', 'ala', 'de', 'montagem', 'em o', 'Rio', 'Grande', 'de o', 'Sul', '.']], [['O', 'projeto', 'gerou', 'trezentos', 'novos', 'empregos', 'diretos', 'e', 'pretende', 'abastecer', 'o', 'mercado', 'da', 'América', 'Latina', '.'], ['DET', 'NOUN', 'VERB', 'NUM', 'ADJ', 'NOUN', 'ADJ', 'CCONJ', 'VERB', 'VERB', 'DET', 'NOUN', 'ADP', 'PROPN', 'PROPN', 'PUNCT'], ['gerou', 'pretende abastecer'], ['o', 'projeto', 'gerar', 'trezento', 'novo', 'emprego', 'direto', 'e', 'pretender', 'abastecer', 'o', 'mercado', 'de o', 'América', 'Latina', '.']]]
9;[[['O', 'consumo', 'de', 'energia', 'elétrica', 'na', 'indústria', 'cresceu', 'pelo', 'quarto', 'mês', 'consecutivo', ',', 'sinalizando', 'uma', 'retomada', 'firme', 'das', 'atividades', 'fabris', 'após', 'o', 'período', 'de', 'manutenção', 'programada', 'das', 'grandes', 'usinas', '.'], ['DET', 'NOUN', 'ADP', 'NOUN', 'ADJ', 'ADP', 'NOUN', 'VERB', 'ADP', 'ADJ', 'NOUN', 'ADJ', 'PUNCT', 'VERB', 'DET', 'NOUN', 'ADJ', 'ADP', 'NOUN', 'ADJ', 'ADP', 'DET', 'NOUN', 'ADP', 'NOUN', 'VERB', 'ADP', 'ADJ', 'NOUN', 'PUNCT'], ['cresceu', 'sinalizando', 'programada'], ['o', 'consumo', 'de', 'energia', 'elétrico', 'em o', 'indústria', 'crescer', 'por o', 'quarto', 'mês', 'consecutivo', ',', 'sinalizar', 'um', 'retomada', 'firme', 'de o', 'atividade', 'fabris', 'após', 'o', 'período', 'de', 'manutenção', 'programar', 'de o', 'grande', 'usina', '.']]]
10;[[['Consórcios', 'de', 'empresas', 'privadas', 'fecharam', 'parcerias', 'com', 'universidades', 'para', 'criar', 'centros', 'de', 'pesquisa', 'voltados', 'para', 'a', 'descarbonização', 'industrial', '.'], ['NOUN', 'ADP', 'NOUN', 'ADJ', 'VERB', 'NOUN', 'ADP', 'NOUN', 'SCONJ', 'VERB', 'NOUN', 'ADP', 'NOUN', 'VERB', 'ADP', 'DET', 'NOUN', 'ADJ', 'PUNCT'], ['fecharam', 'criar', 'voltados'], ['consórcio', 'de', 'empresa', 'privado', 'fechar', 'parceria', 'com', 'universidade', 'para', 'criar', 'centro', 'de', 'pesquisa', 'voltar', 'para', 'o', 'descarbonização', 'industrial', '.']], [['O', 'foco', 'inicial', 'será', 'a', 'substituição', 'de', 'combustíveis', 'fósseis', 'por', 'hidrogênio', 'verde', '.'], ['DET', 'NOUN', 'ADJ', 'AUX', 'DET', 'NOUN', 'ADP', 'NOUN', 'ADJ', 'ADP', 'NOUN', 'ADJ', 'PUNCT'], [], ['o', 'foco', 'inicial', 'ser', 'o', 'substituição', 'de', 'combustível', 'fóssil', 'por', 'hidrogênio', 'verde', '.']]]
11;[[['A', 'produção', 'industrial', 'de', 'calçados', 'projeta', 'um', 'crescimento', 'de', '5', '%', 'para', 'as', 'vendas', 'de', 'fim', 'de', 'ano', '.'], ['DET', 'NOUN', 'ADJ', 'ADP', 'NOUN', 'VERB', 'DET', 'NOUN', 'ADP', 'NUM', 'SYM', 'ADP', 'DET', 'NOUN', 'ADP', 'NOUN', 'ADP', 'NOUN', 'PUNCT'], ['projeta'], ['o', 'produção', 'industrial', 'de', 'calçado', 'projetar', 'um', 'crescimento', 'de', '5', '%', 'para', 'o', 'venda', 'de', 'fim', 'de', 'ano', '.']], [['O', 'aumento', 'da', 'eficiência', 'produtiva', 'e', 'o', 'design', 'inovador', 'ajudaram', 'a', 'conquistar', 'novos', 'mercados', 'no', 'exterior', '.'], ['DET', 'NOUN', 'ADP', 'NOUN', 'ADJ', 'CCONJ', 'DET', 'NOUN', 'ADJ', 'VERB', 'SCONJ', 'VERB', 'ADJ', 'NOUN', 'ADP', 'NOUN', 'PUNCT'], ['ajudaram a conquistar'], ['o', 'aumento', 'de o', 'eficiência', 'produtivo', 'e', 'o', 'design', 'inovador', 'ajudar', 'a', 'conquistar', 'novo', 'mercado', 'em o', 'exterior', '.']]]
12;[[['A', 'escassez', 'de', 'mão', 'de', 'obra', 'qualificada', 'em', 'mecatrônica', 'e', 'automação', 'tem', 'preocupado', 'os', 'diretores', 'de', 'indústrias', 'metalúrgicas', '.'], ['DET', 'NOUN', 'ADP', 'NOUN', 'ADP', 'NOUN', 'VERB', 'ADP', 'NOUN', 'CCONJ', 'NOUN', 'AUX', 'VERB', 'DET', 'NOUN', 'ADP', 'NOUN', 'ADJ', 'PUNCT'], ['qualificada', 'tem preocupado'], ['o', 'escassez', 'de', 'mão', 'de', 'obra', 'qualificar', 'em', 'mecatrônica', 'e', 'automação', 'ter', 'preocupado', 'o', 'diretor', 'de', 'indústria', 'metalúrgico', '.']], [['Empresas', 'estão', 'criando', 'programas', 'internos', 'de', 'treinamento', 'para', 'suprir', 'a', 'demanda', '.'], ['NOUN', 'AUX', 'VERB', 'NOUN', 'ADJ', 'ADP', 'NOUN', 'SCONJ', 'VERB', 'DET', 'NOUN', 'PUNCT'], ['estão criando', 'suprir'], ['empresa', 'estar', 'criar', 'programa', 'interno', 'de', 'treinamento', 'para', 'suprir', 'o', 'demanda', '.']]]
13;[[['O', 'setor', 'de', 'celulose', 'e', 'papel', 'anunciou', 'a', 'expansão', 'de', 'uma', 'de', 'suas', 'maiores', 'plantas', 'industriais', 'na', 'região', 'Centro-Oeste', '.'], ['DET', 'NOUN', 'ADP', 'NOUN', 'CCONJ', 'NOUN', 'VERB', 'DET', 'NOUN', 'ADP', 'NUM', 'ADP', 'DET', 'ADJ', 'NOUN', 'ADJ', 'ADP', 'NOUN', 'PROPN', 'PUNCT'], ['anunciou'], ['o', 'setor', 'de', 'celulose', 'e', 'papel', 'anunciar', 'o', 'expansão', 'de', 'um', 'de', 'seu', 'grande', 'planta', 'industrial', 'em o', 'região', 'Centro-Oeste', '.']], [['O', 'investimento', 'bilionário', 'deve', 'aumentar', 'a', 'capacidade', 'de', 'exportação', 'do', 'país', '.'], ['DET', 'NOUN', 'ADJ', 'VERB', 'VERB', 'DET', 'NOUN', 'ADP', 'NOUN', 'ADP', 'NOUN', 'PUNCT'], ['deve aumentar'], ['o', 'investimento', 'bilionário', 'dever', 'aumentar', 'o', 'capacidade', 'de', 'exportação', 'de o', 'país', '.']]]
14;[[['Refinarias', 'nacionais', 'iniciaram', 'testes', 'para', 'a', 'produção', 'em', 'larga', 'escala', 'de', 'biocombustíveis', 'voltados', 'para', 'a', 'aviação', '.'], ['PROPN', 'ADJ', 'VERB', 'NOUN', 'ADP', 'DET', 'NOUN', 'ADP', 'ADJ', 'NOUN', 'ADP', 'NOUN', 'VERB', 'ADP', 'DET', 'NOUN', 'PUNCT'], ['iniciaram', 'voltados'], ['refinaria', 'nacional', 'iniciar', 'teste', 'para', 'o', 'produção', 'em', 'larga', 'escala', 'de', 'biocombustível', 'voltar', 'para', 'o', 'aviação', '.']], [['A', 'transição', 'energética', 'abre', 'um', 'novo', 'nicho', 'de', 'mercado', 'para', 'o', 'parque', 'industrial', 'brasileiro', '.'], ['DET', 'NOUN', 'ADJ', 'VERB', 'DET', 'ADJ', 'NOUN', 'ADP', 'NOUN', 'ADP', 'DET', 'NOUN', 'ADJ', 'ADJ', 'PUNCT'], ['abre'], ['o', 'transição', 'energético', 'abrir', 'um', 'novo', 'nicho', 'de', 'mercado', 'para', 'o', 'parque', 'industrial', 'brasileiro', '.']]]
15;[[['A', 'indústria', 'de', 'alimentos', 'e', 'bebidas', 'registrou', 'alta', 'na', 'produção', 'de', 'itens', 'embalados', '.'], ['DET', 'NOUN', 'ADP', 'NOUN', 'CCONJ', 'NOUN', 'VERB', 'ADJ', 'ADP', 'NOUN', 'ADP', 'NOUN', 'VERB', 'PUNCT'], ['registrou', 'embalados'], ['o', 'indústria', 'de', 'alimento', 'e', 'bebida', 'registrar', 'alto', 'em o', 'produção', 'de', 'item', 'embalar', '.']], [['A', 'modernização', 'das', 'linhas', 'de', 'empacotamento', 'automático', 'permitiu', 'acelerar', 'o', 'ritmo', 'de', 'entrega', 'para', 'os', 'supermercados', '.'], ['DET', 'NOUN', 'ADP', 'NOUN', 'ADP', 'NOUN', 'ADJ', 'VERB', 'VERB', 'DET', 'NOUN', 'ADP', 'NOUN', 'ADP', 'DET', 'NOUN', 'PUNCT'], ['permitiu acelerar'], ['o', 'modernização', 'de o', 'linha', 'de', 'empacotamento', 'automático', 'permitir', 'acelerar', 'o', 'ritmo', 'de', 'entrega', 'para', 'o', 'supermercado', '.']]]
16;[[['A', 'zona', 'franca', 'de', 'Manaus', 'apresentou', 'um', 'aumento', 'na', 'montagem', 'de', 'eletrodomésticos', 'e', 'componentes', 'eletrônicos', '.'], ['DET', 'NOUN', 'ADJ', 'ADP', 'PROPN', 'VERB', 'DET', 'NOUN', 'ADP', 'NOUN', 'ADP', 'NOUN', 'CCONJ', 'NOUN', 'ADJ', 'PUNCT'], ['apresentou'], ['o', 'zona', 'franco', 'de', 'Manaus', 'apresentar', 'um', 'aumento', 'em o', 'montagem', 'de', 'eletrodoméstico', 'e', 'componente', 'eletrônico', '.']], [['Isenções', 'tarifárias', 'recentes', 'ajudaram', 'a', 'atrair', 'novos', 'fabricantes', 'internacionais', 'para', 'a', 'região', '.'], ['NOUN', 'ADJ', 'ADJ', 'VERB', 'SCONJ', 'VERB', 'ADJ', 'NOUN', 'ADJ', 'ADP', 'DET', 'NOUN', 'PUNCT'], ['ajudaram a atrair'], ['Isenções', 'tarifário', 'recente', 'ajudar', 'a', 'atrair', 'novo', 'fabricante', 'internacional', 'para', 'o', 'região', '.']]]
17;[[['O', 'preço', 'do', 'minério', 'de', 'ferro', 'no', 'mercado', 'internacional', 'estabilizou', ',', 'trazendo', 'alívio', 'financeiro', 'para', 'as', 'grandes', 'indústrias', 'extrativistas', 'e', 'siderúrgicas', 'que', 'operam', 'no', 'território', 'nacional', '.'], ['DET', 'NOUN', 'ADP', 'NOUN', 'ADP', 'NOUN', 'ADP', 'NOUN', 'ADJ', 'VERB', 'PUNCT', 'VERB', 'NOUN', 'ADJ', 'ADP', 'DET', 'ADJ', 'NOUN', 'ADJ', 'CCONJ', 'ADJ', 'PRON', 'VERB', 'ADP', 'NOUN', 'ADJ', 'PUNCT'], ['estabilizou', 'trazendo', 'operam'], ['o', 'preço', 'de o', 'minério', 'de', 'ferro', 'em o', 'mercado', 'internacional', 'estabilizar', ',', 'trazer', 'alívio', 'financeiro', 'para', 'o', 'grande', 'indústria', 'extrativista', 'e', 'siderúrgica', 'que', 'operar', 'em o', 'território', 'nacional', '.']]]
18;[[['Empresas', 'do', 'setor', 'de', 'fundição', 'estão', 'adotando', 'sistemas', 'de', 'inteligência', 'artificial', 'para', 'prever', 'falhas', 'em', 'maquinários', 'e', 'otimizar', 'o', 'uso', 'de', 'energia', 'nos', 'fornos', 'de', 'alta', 'temperatura', '.'], ['NOUN', 'ADP', 'NOUN', 'ADP', 'NOUN', 'AUX', 'VERB', 'NOUN', 'ADP', 'NOUN', 'ADJ', 'SCONJ', 'VERB', 'NOUN', 'ADP', 'NOUN', 'CCONJ', 'VERB', 'DET', 'NOUN', 'ADP', 'NOUN', 'ADP', 'NOUN', 'ADP', 'ADJ', 'NOUN', 'PUNCT'], ['estão adotando', 'prever', 'otimizar'], ['Empresas', 'de o', 'setor', 'de', 'fundição', 'estar', 'adotar', 'sistema', 'de', 'inteligência', 'artificial', 'para', 'prever', 'falha', 'em', 'maquinário', 'e', 'otimizar', 'o', 'uso', 'de', 'energia', 'em o', 'forno', 'de', 'alta', 'temperatura', '.']]]
19;[[['A', 'produção', 'de', 'cimento', 'e', 'materiais', 'de', 'construção', 'civil', 'apresentou', 'retração', 'devido', 'à', 'desaceleração', 'de', 'grandes', 'obras', 'de', 'infraestrutura', '.'], ['DET', 'NOUN', 'ADP', 'NOUN', 'CCONJ', 'NOUN', 'ADP', 'NOUN', 'ADJ', 'VERB', 'NOUN', 'ADV', 'ADP', 'NOUN', 'ADP', 'ADJ', 'NOUN', 'ADP', 'NOUN', 'PUNCT'], ['apresentou'], ['o', 'produção', 'de', 'cimento', 'e', 'material', 'de', 'construção', 'civil', 'apresentar', 'retração', 'devido', 'a o', 'desaceleração', 'de', 'grande', 'obra', 'de', 'infraestrutura', '.']], [['O', 'setor', 'aguarda', 'o', 'lançamento', 'de', 'novos', 'editais', 'públicos', '.'], ['DET', 'NOUN', 'VERB', 'DET', 'NOUN', 'ADP', 'ADJ', 'NOUN', 'ADJ', 'PUNCT'], ['aguarda'], ['o', 'setor', 'aguardar', 'o', 'lançamento', 'de', 'novo', 'edital', 'público', '.']]]
20;[[['A', 'indústria', 'farmacêutica', 'nacional', 'expandiu', 'seus', 'laboratórios', 'de', 'biotecnologia', 'para', 'a', 'produção', 'local', 'de', 'insumos', 'farmacêuticos', 'ativos', '.'], ['DET', 'NOUN', 'ADJ', 'ADJ', 'VERB', 'DET', 'NOUN', 'ADP', 'NOUN', 'ADP', 'DET', 'NOUN', 'ADJ', 'ADP', 'NOUN', 'ADJ', 'NOUN', 'PUNCT'], ['expandiu'], ['o', 'indústria', 'farmacêutica', 'nacional', 'expandir', 'seu', 'laboratório', 'de', 'biotecnologia', 'para', 'o', 'produção', 'local', 'de', 'insumo', 'farmacêutico', 'ativo', '.']], [['A', 'iniciativa', 'reduz', 'a', 'dependência', 'de', 'importações', 'da', 'Índia', 'e', 'da', 'China', '.'], ['DET', 'NOUN', 'VERB', 'DET', 'NOUN', 'ADP', 'NOUN', 'ADP', 'PROPN', 'CCONJ', 'ADP', 'PROPN', 'PUNCT'], ['reduz'], ['o', 'iniciativa', 'reduzir', 'o', 'dependência', 'de', 'importação', 'de o', 'Índia', 'e', 'de o', 'China', '.']]]
21;[[['A', 'produção', 'metalmecânica', 'apresentou', 'forte', 'recuperação', 'no', 'Sul', 'do', 'país', ',', 'impulsionada', 'pelas', 'encomendas', 'de', 'estruturas', 'metálicas', 'para', 'usinas', 'de', 'energia', 'eólica', 'e', 'solar', '.'], ['DET', 'NOUN', 'ADJ', 'VERB', 'ADJ', 'NOUN', 'ADP', 'PROPN', 'ADP', 'NOUN', 'PUNCT', 'VERB', 'ADP', 'NOUN', 'ADP', 'NOUN', 'ADJ', 'ADP', 'NOUN', 'ADP', 'NOUN', 'ADJ', 'CCONJ', 'ADJ', 'PUNCT'], ['apresentou', 'impulsionada'], ['o', 'produção', 'metalmecânico', 'apresentar', 'forte', 'recuperação', 'em o', 'Sul', 'de o', 'país', ',', 'impulsionar', 'por o', 'encomenda', 'de', 'estrutura', 'metálico', 'para', 'usina', 'de', 'energia', 'eólico', 'e', 'solar', '.']]]
22;[[['Pequenas', 'fábricas', 'de', 'móveis', 'estão', 'se', 'unindo', 'em', 'cooperativas', 'regionais', 'para', 'comprar', 'matéria-prima', 'em', 'larga', 'escala', '.'], ['ADJ', 'NOUN', 'ADP', 'NOUN', 'AUX', 'PRON', 'VERB', 'ADP', 'NOUN', 'ADJ', 'SCONJ', 'VERB', 'NOUN', 'ADP', 'ADJ', 'NOUN', 'PUNCT'], ['unindo', 'comprar'], ['pequena', 'fábrica', 'de', 'móvel', 'estar', 'se', 'unir', 'em', 'cooperativa', 'regional', 'para', 'comprar', 'matéria-prima', 'em', 'larga', 'escala', '.']], [['A', 'estratégia', 'visa', 'reduzir', 'custos', 'e', 'manter', 'a', 'competitividade', 'diante', 'das', 'grandes', 'marcas', '.'], ['DET', 'NOUN', 'VERB', 'VERB', 'NOUN', 'CCONJ', 'VERB', 'DET', 'NOUN', 'ADV', 'DET', 'ADJ', 'NOUN', 'PUNCT'], ['visa reduzir', 'manter'], ['o', 'estratégia', 'visar', 'reduzir', 'custo', 'e', 'manter', 'o', 'competitividade', 'diante', 'de o', 'grande', 'marca', '.']]]
23;[[['O', 'polo', 'petroquímico', 'da', 'Bahia', 'recebeu', 'investimentos', 'para', 'modernização', 'de', 'suas', 'instalações', 'de', 'segurança', 'e', 'controle', 'ambiental', '.'], ['DET', 'NOUN', 'ADJ', 'ADP', 'PROPN', 'VERB', 'NOUN', 'ADP', 'NOUN', 'ADP', 'DET', 'NOUN', 'ADP', 'NOUN', 'CCONJ', 'NOUN', 'ADJ', 'PUNCT'], ['recebeu'], ['o', 'polo', 'petroquímico', 'de o', 'Bahia', 'receber', 'investimento', 'para', 'modernização', 'de', 'seu', 'instalação', 'de', 'segurança', 'e', 'controle', 'ambiental', '.']], [['O', 'objetivo', 'é', 'alinhar', 'a', 'produção', 'local', 'aos', 'padrões', 'globais', 'de', 'sustentabilidade', '.'], ['DET', 'NOUN', 'AUX', 'VERB', 'DET', 'NOUN', 'ADJ', 'ADP', 'NOUN', 'ADJ', 'ADP', 'NOUN', 'PUNCT'], ['alinhar'], ['o', 'objetivo', 'ser', 'alinhar', 'o', 'produção', 'local', 'a o', 'padrão', 'global', 'de', 'sustentabilidade', '.']]]
24;[[['A', 'indústria', 'aeroespacial', 'brasileira', 'firmou', 'um', 'contrato', 'de', 'fornecimento', 'de', 'aeroestruturas', 'para', 'jatos', 'comerciais', 'executivos', 'na', 'Europa', '.'], ['DET', 'NOUN', 'ADJ', 'ADJ', 'VERB', 'DET', 'NOUN', 'ADP', 'NOUN', 'ADP', 'NOUN', 'ADP', 'NOUN', 'ADJ', 'NOUN', 'ADP', 'PROPN', 'PUNCT'], ['firmou'], ['o', 'indústria', 'aeroespacial', 'brasileira', 'firmar', 'um', 'contrato', 'de', 'fornecimento', 'de', 'aeroestrutura', 'para', 'jato', 'comercial', 'executivo', 'em o', 'Europa', '.']], [['O', 'acordo', 'consolida', 'a', 'engenharia', 'nacional', 'no', 'cenário', 'global', '.'], ['DET', 'NOUN', 'VERB', 'DET', 'NOUN', 'ADJ', 'ADP', 'NOUN', 'ADJ', 'PUNCT'], ['consolida'], ['o', 'acordo', 'consolidar', 'o', 'engenharia', 'nacional', 'em o', 'cenário', 'global', '.']]]
25;[[['Fábricas', 'de', 'embalagens', 'plásticas', 'estão', 'acelerando', 'a', 'transição', 'para', 'polímeros', 'biodegradáveis', 'devido', 'às', 'novas', 'exigências', 'do', 'mercado', 'e', 'regulamentações', 'ambientais', 'mais', 'rígidas', '.'], ['PROPN', 'ADP', 'NOUN', 'ADJ', 'AUX', 'VERB', 'DET', 'NOUN', 'ADP', 'NOUN', 'ADJ', 'ADV', 'ADP', 'ADJ', 'NOUN', 'ADP', 'NOUN', 'CCONJ', 'NOUN', 'ADJ', 'ADV', 'ADJ', 'PUNCT'], ['estão acelerando'], ['Fábricas', 'de', 'embalagem', 'plástico', 'estar', 'acelerar', 'o', 'transição', 'para', 'polímero', 'biodegradável', 'devido', 'a o', 'novo', 'exigência', 'de o', 'mercado', 'e', 'regulamentação', 'ambiental', 'mais', 'rígido', '.']]]
26;[[['O', 'índice', 'de', 'confiança', 'do', 'empresário', 'industrial', 'atingiu', 'o', 'maior', 'patamar', 'dos', 'últimos', 'meses', '.'], ['DET', 'NOUN', 'ADP', 'NOUN', 'ADP', 'NOUN', 'ADJ', 'VERB', 'DET', 'ADJ', 'NOUN', 'ADP', 'ADJ', 'NOUN', 'PUNCT'], ['atingiu'], ['o', 'índice', 'de', 'confiança', 'de o', 'empresário', 'industrial', 'atingir', 'o', 'grande', 'patamar', 'de o', 'último', 'mês', '.']], [['A', 'estabilização', 'da', 'inflação', 'e', 'a', 'queda', 'nos', 'juros', 'foram', 'determinantes', 'para', 'a', 'melhora', 'do', 'humor', 'do', 'setor', '.'], ['DET', 'NOUN', 'ADP', 'NOUN', 'CCONJ', 'DET', 'NOUN', 'ADP', 'NOUN', 'AUX', 'ADJ', 'ADP', 'DET', 'NOUN', 'ADP', 'NOUN', 'ADP', 'NOUN', 'PUNCT'], ['foram determinantes'], ['o', 'estabilização', 'de o', 'inflação', 'e', 'o', 'queda', 'em o', 'juro', 'ser', 'determinante', 'para', 'o', 'melhora', 'de o', 'humor', 'de o', 'setor', '.']]]
27;[[['A', 'produção', 'de', 'pneus', 'e', 'borrachas', 'registrou', 'estabilidade', 'no', 'balanço', 'anual', '.'], ['DET', 'NOUN', 'ADP', 'NOUN', 'CCONJ', 'NOUN', 'VERB', 'NOUN', 'ADP', 'NOUN', 'ADJ', 'PUNCT'], ['registrou'], ['o', 'produção', 'de', 'pneu', 'e', 'borracha', 'registrar', 'estabilidade', 'em o', 'balanço', 'anual', '.']], [['A', 'cadeia', 'de', 'suprimentos', 'enfrentou', 'desafios', 'logísticos', 'no', 'transporte', 'marítimo', 'de', 'insumos', 'fundamentais', '.'], ['DET', 'NOUN', 'ADP', 'NOUN', 'VERB', 'NOUN', 'ADJ', 'ADP', 'NOUN', 'ADJ', 'ADP', 'NOUN', 'ADJ', 'PUNCT'], ['enfrentou'], ['o', 'cadeia', 'de', 'suprimento', 'enfrentar', 'desafio', 'logístico', 'em o', 'transporte', 'marítimo', 'de', 'insumo', 'fundamental', '.']]]
28;[[['Uma', 'nova', 'fundição', 'de', 'alumínio', 'focada', 'na', 'reciclagem', 'de', 'materiais', 'descartados', 'começou', 'a', 'operar', 'em', 'Minas', 'Gerais', '.'], ['DET', 'ADJ', 'NOUN', 'ADP', 'NOUN', 'VERB', 'ADP', 'NOUN', 'ADP', 'NOUN', 'VERB', 'VERB', 'SCONJ', 'VERB', 'ADP', 'PROPN', 'PROPN', 'PUNCT'], ['focada', 'descartados', 'começou a operar'], ['um', 'novo', 'fundição', 'de', 'alumínio', 'focar', 'em o', 'reciclagem', 'de', 'material', 'descartar', 'começar', 'a', 'operar', 'em', 'Minas', 'Gerais', '.']], [['O', 'projeto', 'atende', 'à', 'crescente', 'demanda', 'por', 'alumínio', 'verde', 'na', 'indústria', 'automobilística', '.'], ['DET', 'NOUN', 'VERB', 'ADP', 'ADJ', 'NOUN', 'ADP', 'NOUN', 'ADJ', 'ADP', 'NOUN', 'ADJ', 'PUNCT'], ['atende'], ['o', 'projeto', 'atender', 'a o', 'crescente', 'demanda', 'por', 'alumínio', 'verde', 'em o', 'indústria', 'automobilístico', '.']]]
29;[[['O', 'setor', 'industrial', 'de', 'tintas', 'e', 'vernizes', 'renovou', 'suas', 'linhas', 'de', 'produtos', 'com', 'foco', 'em', 'soluções', 'imobiliárias', 'de', 'secagem', 'rápida', '.'], ['DET', 'NOUN', 'ADJ', 'ADP', 'NOUN', 'CCONJ', 'NOUN', 'VERB', 'DET', 'NOUN', 'ADP', 'NOUN', 'ADP', 'NOUN', 'ADP', 'NOUN', 'ADJ', 'ADP', 'NOUN', 'ADJ', 'PUNCT'], ['renovou'], ['o', 'setor', 'industrial', 'de', 'tinta', 'e', 'verniz', 'renovar', 'seu', 'linha', 'de', 'produto', 'com', 'foco', 'em', 'solução', 'imobiliário', 'de', 'secagem', 'rápido', '.']], [['A', 'inovação', 'tecnológica', 'permitiu', 'ampliar', 'a', 'margem', 'de', 'lucro', 'das', 'empresas', '.'], ['DET', 'NOUN', 'ADJ', 'VERB', 'VERB', 'DET', 'NOUN', 'ADP', 'NOUN', 'ADP', 'NOUN', 'PUNCT'], ['permitiu ampliar'], ['o', 'inovação', 'tecnológico', 'permitir', 'ampliar', 'o', 'margem', 'de', 'lucro', 'de o', 'empresa', '.']]]
30;[[['A', 'transformação', 'digital', 'nas', 'linhas', 'de', 'montagem', 'reduziu', 'o', 'tempo', 'de', 'fabricação', 'de', 'maquinário', 'pesado', 'em', 'cerca', 'de', 'vinte', 'por', 'cento', ',', 'melhorando', 'a', 'eficiência', 'e', 'a', 'competitividade', 'do', 'parque', 'fabril', '.'], ['DET', 'NOUN', 'ADJ', 'ADP', 'NOUN', 'ADP', 'NOUN', 'VERB', 'DET', 'NOUN', 'ADP', 'NOUN', 'ADP', 'NOUN', 'VERB', 'ADP', 'ADV', 'ADP', 'NUM', 'ADP', 'NUM', 'PUNCT', 'VERB', 'DET', 'NOUN', 'CCONJ', 'DET', 'NOUN', 'ADP', 'NOUN', 'ADJ', 'PUNCT'], ['reduziu', 'pesado', 'melhorando'], ['o', 'transformação', 'digital', 'em o', 'linha', 'de', 'montagem', 'reduzir', 'o', 'tempo', 'de', 'fabricação', 'de', 'maquinário', 'pesar', 'em', 'cerca', 'de', 'vinte', 'por', 'cento', ',', 'melhorar', 'o', 'eficiência', 'e', 'o', 'competitividade', 'de o', 'parque', 'fabril', '.']]]
